{
  "entropy": {
    "Small": 0.16712120214270582,
    "Medium": 0.4323798541790843,
    "Large": 0.21698581704510514
  },
  "confidence_margin": {
    "Small": 0.45827220111840405,
    "Medium": 0.31779117931909784,
    "Large": 0.39549862442290784
  }
}